name,google_pagerank,cpr_score,alexa_score,source_url
www.wsj.com, 7/10 , 7.4/10 ,423,wsj.com
ewn.co.za, 7/10 , 7.2/10 ,10608,ewn.co.za
g1.globo.com, 8/10 , 9.1/10 ,114,g1.globo.com
thehimalayantimes.com, 7/10 , 7.0/10 ,60929,thehimalayantimes.com
www.gov.uk, 6/10 , 6.5/10 ,1228,gov.uk
muckrack.com, 7/10 , 7.1/10 ,9637,muckrack.com
www.eonline.com, 8/10 , 8.5/10 ,2629,eonline.com
www.forbes.com, 9/10 , 9.3/10 ,203,forbes.com
www.india.gov.in, 7/10 , 7.5/10 ,7017,india.gov.in
www.politico.com, 8/10 , 8.6/10 ,1060,politico.com
multimedia.europarl.europa.eu, 8/10 , 8.5/10 ,670,multimedia.europarl.europa.eu
www.newyorker.com, 8/10 , 8.6/10 ,2322,newyorker.com
pm.gc.ca, 7/10 , 7.2/10 ,50708,pm.gc.ca
www.congress.gov, 8/10 , 8.1/10 ,9643,congress.gov
www.viamichelin.com, 7/10 , 7.2/10 ,94343,viamichelin.com
www.sherdog.com, 7/10 , 7.6/10 ,10725,sherdog.com
www.opensecrets.org, 7/10 , 7.6/10 ,34434,opensecrets.org
bleacherreport.com, 8/10 , 8.6/10 ,1212,bleacherreport.com
www.kimoneo.com, 1/10 , 0.5/10 ,100000,kimoneo.com
www.haber7.com, 7/10 , 7.1/10 ,1559,haber7.com
www.biyografya.com, 4/10 , 3.8/10 ,73424,biyografya.com
www.ensonhaber.com, 7/10 , 7.2/10 ,326,ensonhaber.com
www.presseportal.de, 7/10 , 7.5/10 ,16631,presseportal.de
www.huffingtonpost.co.uk, 8/10 , 8.1/10 ,19316,huffingtonpost.co.uk
www.ahaber.com.tr, 6/10 , 6.5/10 ,4902,ahaber.com.tr
www.cumhuriyetarsivi.com, 4/10 , 4.2/10 ,100000,cumhuriyetarsivi.com
www.conservativehome.com, 6/10 , 6.2/10 ,100000,conservativehome.com
www.usatoday.com, 8/10 , 9.0/10 ,439,usatoday.com
www.conservative.ca, 5/10 , 5.7/10 ,100000,conservative.ca
www.nhl.com, 8/10 , 8.2/10 ,5054,nhl.com
www.nfl.com, 8/10 , 8.5/10 ,2056,nfl.com
japan.kantei.go.jp, 7/10 , 7.4/10 ,13276,japan.kantei.go.jp
www.yeniakit.com.tr, 6/10 , 6.5/10 ,645,yeniakit.com.tr
koreajoongangdaily.joins.com, 7/10 , 8.0/10 ,1443,koreajoongangdaily.joins.com
www.economist.com, 8/10 , 8.7/10 ,2546,economist.com
www.washingtontimes.com, 8/10 , 8.4/10 ,6732,washingtontimes.com
www.evrensel.net, 6/10 , 6.2/10 ,32418,evrensel.net
www.mynet.com, 7/10 , 7.8/10 ,901,mynet.com
www.yelp.com, 8/10 , 9.1/10 ,561,yelp.com
www.politics.co.uk, 6/10 , 6.4/10 ,100000,politics.co.uk
business.facebook.com, 9/10 , 9.9/10 ,4,business.facebook.com
www.researchgate.net, 8/10 , 8.6/10 ,167,researchgate.net
news.google.com, 9/10 , 9.9/10 ,1,news.google.com
www.nydailynews.com, 8/10 , 8.7/10 ,2181,nydailynews.com
m.facebook.com, 9/10 , 10.0/10 ,4,m.facebook.com
www.transfermarkt.us, 4/10 , 4.8/10 ,60134,transfermarkt.us
www.standard.co.uk, 8/10 , 8.3/10 ,6480,standard.co.uk
www.al.com, 8/10 , 8.3/10 ,12196,al.com
www.ourcampaigns.com, 5/10 , 5.2/10 ,100000,ourcampaigns.com
www.cambridge.org, 8/10 , 8.4/10 ,345,cambridge.org
www.detroitnews.com, 7/10 , 7.7/10 ,14508,detroitnews.com
www2.assemblee-nationale.fr, 7/10 , 7.6/10 ,85743,www2.assemblee-nationale.fr
www.newspapers.com, 7/10 , 7.0/10 ,8289,newspapers.com
www.mercurynews.com, 8/10 , 8.3/10 ,5467,mercurynews.com
mainichi.jp, 8/10 , 8.5/10 ,2259,mainichi.jp
164.100.47.193, /10 , /10 ,100000,164.100.47.193
in.reuters.com, 8/10 , 9.0/10 ,418,in.reuters.com
www.thetimes.co.uk, 8/10 , 8.4/10 ,6175,thetimes.co.uk
www.afr.com, 7/10 , 7.9/10 ,7912,afr.com
news.detik.com, 8/10 , 8.6/10 ,81,news.detik.com
www.astrotheme.com, 5/10 , 5.5/10 ,39319,astrotheme.com
www.deseret.com, 7/10 , 7.1/10 ,11474,deseret.com
www.parliament.uk, 7/10 , 7.8/10 ,23350,parliament.uk
ipolitics.ca, 6/10 , 6.5/10 ,100000,ipolitics.ca
www.news24.com, 7/10 , 7.6/10 ,2382,news24.com
www.thejakartapost.com, 7/10 , 7.8/10 ,1730,thejakartapost.com
www.tribunnews.com, 8/10 , 8.4/10 ,37,tribunnews.com
pubs.acs.org, 8/10 , 8.6/10 ,2750,pubs.acs.org
www.academia.edu, 8/10 , 8.7/10 ,288,academia.edu
www.bclocalnews.com, 5/10 , 5.9/10 ,100000,bclocalnews.com
www.haber3.com, 6/10 , 5.9/10 ,23115,haber3.com
www.business-standard.com, 7/10 , 7.9/10 ,2294,business-standard.com
www.politico.eu, 7/10 , 7.6/10 ,21354,politico.eu
www.nature.com, 8/10 , 8.7/10 ,1167,nature.com
www.mcall.com, 7/10 , 7.5/10 ,44906,mcall.com
www.mlb.com, 8/10 , 8.6/10 ,3138,mlb.com
www.inquirer.com, 7/10 , 7.4/10 ,8585,inquirer.com
www.govtrack.us, 7/10 , 7.2/10 ,44891,govtrack.us
www.globenewswire.com, 7/10 , 8.0/10 ,10436,globenewswire.com
buffalonews.com, 7/10 , 7.5/10 ,30769,buffalonews.com
www.yenicaggazetesi.com.tr, 6/10 , 6.2/10 ,6826,yenicaggazetesi.com.tr
assembly.coe.int, 8/10 , 8.2/10 ,16366,assembly.coe.int
www.orlandosentinel.com, 7/10 , 8.0/10 ,20422,orlandosentinel.com
myneta.info, 5/10 , 5.2/10 ,51793,myneta.info
www.kitapyurdu.com, 5/10 , 5.7/10 ,5372,kitapyurdu.com
markets.businessinsider.com, 8/10 , 8.8/10 ,209,markets.businessinsider.com
news.sky.com, 8/10 , 8.7/10 ,2139,news.sky.com
www.straitstimes.com, 8/10 , 8.2/10 ,2099,straitstimes.com
onlinelibrary.wiley.com, 8/10 , 9.0/10 ,668,onlinelibrary.wiley.com
www.weforum.org, 8/10 , 8.2/10 ,2543,weforum.org
www.tapology.com, 5/10 , 5.8/10 ,40679,tapology.com
montrealgazette.com, 7/10 , 7.8/10 ,29201,montrealgazette.com
www.businessinsider.com, 8/10 , 9.0/10 ,209,businessinsider.com
people.com, 8/10 , 8.8/10 ,1382,people.com
ipa.news, 4/10 , 3.9/10 ,100000,ipa.news
newsrnd.com, 3/10 , 3.1/10 ,100000,newsrnd.com
ottawacitizen.com, 7/10 , 7.9/10 ,42019,ottawacitizen.com
www.sbs.com.au, 7/10 , 7.9/10 ,4511,sbs.com.au
www.archyde.com, 4/10 , 4.0/10 ,100000,archyde.com
www.gettyimages.ae, 5/10 , 5.4/10 ,35237,gettyimages.ae
www.dpr.go.id, 5/10 , 5.4/10 ,43042,dpr.go.id
www.koreatimes.co.kr, 7/10 , 7.6/10 ,8246,koreatimes.co.kr
mg.co.za, 7/10 , 7.3/10 ,31817,mg.co.za
english.kyodonews.net, 7/10 , 7.2/10 ,33737,english.kyodonews.net
www.irishnews.com, 7/10 , 7.3/10 ,100000,irishnews.com
www.isimarsivi.com, 3/10 , 2.9/10 ,100000,isimarsivi.com
tirto.id, 6/10 , 6.5/10 ,1497,tirto.id
archive.org, 9/10 , 9.5/10 ,169,archive.org
us.soccerway.com, 7/10 , 7.0/10 ,8244,us.soccerway.com
www.europarl.europa.eu, 8/10 , 9.0/10 ,670,europarl.europa.eu
members.parliament.uk, 7/10 , 7.5/10 ,23350,members.parliament.uk
www.9news.com.au, 7/10 , 7.3/10 ,5077,9news.com.au
www.thehindu.com, 8/10 , 8.3/10 ,844,thehindu.com
www.pusulagazetesi.com.tr, 3/10 , 3.7/10 ,33051,pusulagazetesi.com.tr
www.buzzfeednews.com, 7/10 , 7.3/10 ,3091,buzzfeednews.com
rp-online.de, 7/10 , 7.8/10 ,8978,rp-online.de
www.politicsweb.co.za, 5/10 , 5.8/10 ,100000,politicsweb.co.za
metro.co.uk, 8/10 , 8.8/10 ,2623,metro.co.uk
www.haaretz.com, 8/10 , 8.2/10 ,10584,haaretz.com
www.nj.com, 8/10 , 8.3/10 ,3970,nj.com
www.biyografi.net, 4/10 , 4.2/10 ,100000,biyografi.net
www.sabcnews.com, 5/10 , 5.8/10 ,66276,sabcnews.com
www.rnz.co.nz, 7/10 , 7.1/10 ,19283,rnz.co.nz
indianexpress.com, 8/10 , 8.6/10 ,790,indianexpress.com
www.mofa.go.jp, 7/10 , 7.3/10 ,8187,mofa.go.jp
www.t-online.de, 8/10 , 8.4/10 ,699,t-online.de
www.adn.com, 7/10 , 7.6/10 ,41220,adn.com
politica.estadao.com.br, 8/10 , 8.2/10 ,2248,politica.estadao.com.br
www.marketwatch.com, 8/10 , 8.6/10 ,352,marketwatch.com
federalnewsnetwork.com, 6/10 , 6.3/10 ,86438,federalnewsnetwork.com
calgaryherald.com, 7/10 , 7.9/10 ,36261,calgaryherald.com
military.wikia.org, 6/10 , 6.6/10 ,14902,military.wikia.org
www.transfermarkt.com, 6/10 , 6.6/10 ,6971,transfermarkt.com
www.geni.com, 6/10 , 6.9/10 ,9577,geni.com
www.voanews.com, 8/10 , 8.3/10 ,3271,voanews.com
heavy.com, 8/10 , 8.2/10 ,325,heavy.com
deputatipd.it, 4/10 , 4.1/10 ,100000,deputatipd.it
citizen.co.za, 6/10 , 6.9/10 ,17030,citizen.co.za
world-today-news.com, 3/10 , 3.7/10 ,100000,world-today-news.com
www.hri.org, 5/10 , 5.5/10 ,100000,hri.org
www.yahoo.com, 8/10 , 9.0/10 ,12,yahoo.com
www.spiegel.de, 8/10 , 8.6/10 ,845,spiegel.de
www.rfi.fr, 8/10 , 8.2/10 ,2648,rfi.fr
www.straight.com, 7/10 , 7.3/10 ,60944,straight.com
www.tampabay.com, 7/10 , 8.0/10 ,10676,tampabay.com
world.kbs.co.kr, 7/10 , 7.8/10 ,6442,world.kbs.co.kr
www.thejournal.ie, 7/10 , 7.6/10 ,17446,thejournal.ie
stockholmcf.org, 5/10 , 5.2/10 ,100000,stockholmcf.org
www.scotsman.com, 7/10 , 8.0/10 ,20397,scotsman.com
www.milligazete.com.tr, 5/10 , 5.6/10 ,3373,milligazete.com.tr
www.si.com, 8/10 , 8.3/10 ,4735,si.com
loksabhaph.nic.in, 4/10 , 4.1/10 ,100000,loksabhaph.nic.in
www.courant.com, 7/10 , 7.6/10 ,23033,courant.com
www.elections.in, 4/10 , 4.8/10 ,87960,elections.in
science.sciencemag.org, 8/10 , 8.7/10 ,2773,science.sciencemag.org
newyork.cbslocal.com, 8/10 , 8.6/10 ,1770,newyork.cbslocal.com
www.dallasnews.com, 8/10 , 8.3/10 ,10304,dallasnews.com
shingetsunewsagency.com, 4/10 , 3.9/10 ,100000,shingetsunewsagency.com
www.sandiegouniontribune.com, 7/10 , 7.6/10 ,14042,sandiegouniontribune.com
www.duvarenglish.com, 4/10 , 4.1/10 ,100000,duvarenglish.com
www.mlive.com, 8/10 , 8.1/10 ,9098,mlive.com
www.sciencemag.org, 8/10 , 8.6/10 ,2773,sciencemag.org
www.history.com, 8/10 , 8.5/10 ,1386,history.com
www0.haberler.com, 7/10 , 7.7/10 ,1467,www0.haberler.com
www.sfgate.com, 8/10 , 8.7/10 ,1302,sfgate.com
www.auswaertiges-amt.de, 7/10 , 7.5/10 ,18363,auswaertiges-amt.de
www.ourcommons.ca, 5/10 , 5.6/10 ,92171,ourcommons.ca
www.channelnewsasia.com, 7/10 , 8.0/10 ,1739,channelnewsasia.com
morgangriffith.house.gov, 8/10 , 8.3/10 ,7186,morgangriffith.house.gov
www.ismininanlaminedirx.com, 2/10 , 2.6/10 ,100000,ismininanlaminedirx.com
www.nwzonline.de, 6/10 , 6.8/10 ,67026,nwzonline.de
www.huffingtonpost.it, 7/10 , 7.2/10 ,10136,huffingtonpost.it
www.sun-sentinel.com, 7/10 , 7.9/10 ,14193,sun-sentinel.com
thetyee.ca, 7/10 , 7.1/10 ,100000,thetyee.ca
peopleai.com, 2/10 , 2.4/10 ,100000,peopleai.com
montreal.ctvnews.ca, 8/10 , 8.1/10 ,1871,montreal.ctvnews.ca
www.iheartradio.ca, 6/10 , 6.5/10 ,32793,iheartradio.ca
www.hollywoodreporter.com, 8/10 , 8.6/10 ,2751,hollywoodreporter.com
breakingdefense.com, 6/10 , 6.9/10 ,100000,breakingdefense.com
www.ajc.com, 8/10 , 8.2/10 ,7763,ajc.com
history.house.gov, 8/10 , 8.3/10 ,7186,history.house.gov
news.am, 7/10 , 7.1/10 ,7382,news.am
www.scmp.com, 8/10 , 8.3/10 ,1792,scmp.com
riotimesonline.com, 6/10 , 6.5/10 ,100000,riotimesonline.com
www.spokesman.com, 7/10 , 7.6/10 ,56296,spokesman.com
www.turkishnews.com, 5/10 , 5.1/10 ,100000,turkishnews.com
edmontonjournal.com, 7/10 , 7.8/10 ,57504,edmontonjournal.com
www.thedailybeast.com, 8/10 , 8.5/10 ,1717,thedailybeast.com
www.canada.ca, 8/10 , 8.2/10 ,378,canada.ca
armenpress.am, 7/10 , 7.1/10 ,45204,armenpress.am
takemeback.to, 4/10 , 4.8/10 ,100000,takemeback.to
www.timeslive.co.za, 7/10 , 7.3/10 ,9526,timeslive.co.za
www.ozgurkocaeli.com.tr, 4/10 , 4.4/10 ,52128,ozgurkocaeli.com.tr
independent.academia.edu, 8/10 , 8.5/10 ,288,independent.academia.edu
www.gettyimages.fi, 5/10 , 5.2/10 ,100000,gettyimages.fi
www.bfmtv.com, 7/10 , 8.0/10 ,3124,bfmtv.com
www.eurekalert.org, 8/10 , 8.2/10 ,20065,eurekalert.org
obits.lohud.com, 6/10 , 6.6/10 ,49225,obits.lohud.com
www.justice.gov, 8/10 , 8.2/10 ,6074,justice.gov
www.elazigsonhaber.com, 3/10 , 3.2/10 ,96797,elazigsonhaber.com
www.asahi.com, 8/10 , 8.4/10 ,956,asahi.com
www.dailytelegraph.com.au, 7/10 , 8.0/10 ,17683,dailytelegraph.com.au
www.clickondetroit.com, 7/10 , 7.5/10 ,16553,clickondetroit.com
fcbayern.com, 7/10 , 7.7/10 ,39610,fcbayern.com
www.amnesty.org, 8/10 , 8.1/10 ,18859,amnesty.org
www.jta.org, 7/10 , 7.7/10 ,70677,jta.org
m.timesofindia.com, 7/10 , 7.6/10 ,19553,m.timesofindia.com
www.pressandjournal.co.uk, 6/10 , 6.9/10 ,100000,pressandjournal.co.uk
projects.propublica.org, 7/10 , 7.5/10 ,11286,projects.propublica.org
www.gazetadopovo.com.br, 7/10 , 7.9/10 ,6645,gazetadopovo.com.br
www.belfasttelegraph.co.uk, 7/10 , 8.0/10 ,70935,belfasttelegraph.co.uk
www.tripadvisor.com, 8/10 , 9.1/10 ,653,tripadvisor.com
www.batimes.com.ar, 5/10 , 5.5/10 ,100000,batimes.com.ar
www.yorkshirepost.co.uk, 7/10 , 7.0/10 ,100000,yorkshirepost.co.uk
www.providencejournal.com, 7/10 , 7.2/10 ,56062,providencejournal.com
malatyahaber.com, 4/10 , 4.1/10 ,79329,malatyahaber.com
www.krdnews.net, 3/10 , 3.1/10 ,100000,krdnews.net
www.cbssports.com, 10/10 , 10.0/10 ,1975,cbssports.com
www.nato-pa.int, 5/10 , 5.4/10 ,100000,nato-pa.int
www.adelaidenow.com.au, 7/10 , 7.3/10 ,36763,adelaidenow.com.au
wkzo.com, 5/10 , 5.7/10 ,100000,wkzo.com
blackburnnews.com, 5/10 , 5.7/10 ,100000,blackburnnews.com
www.jstage.jst.go.jp, 7/10 , 7.2/10 ,5939,jstage.jst.go.jp
www.nationalobserver.com, 6/10 , 6.3/10 ,100000,nationalobserver.com
www.lifesitenews.com, 7/10 , 7.8/10 ,24256,lifesitenews.com
fr.news.yahoo.com, 8/10 , 8.8/10 ,12,fr.news.yahoo.com
www.hrw.org, 8/10 , 8.1/10 ,13503,hrw.org
www.baynews9.com, 6/10 , 6.8/10 ,39627,baynews9.com
m.bianet.org, 6/10 , 6.0/10 ,57121,m.bianet.org
www.newindianexpress.com, 7/10 , 7.7/10 ,4191,newindianexpress.com
nadignewspapers.com, 4/10 , 3.9/10 ,100000,nadignewspapers.com
www.tgrthaber.com.tr, 5/10 , 5.3/10 ,52870,tgrthaber.com.tr
www.karenvecchiomp.ca, 2/10 , 2.2/10 ,100000,karenvecchiomp.ca
www.broadwayworld.com, 7/10 , 7.9/10 ,20462,broadwayworld.com
www.houstonchronicle.com, 7/10 , 7.4/10 ,14251,houstonchronicle.com
chicago.suntimes.com, 8/10 , 8.4/10 ,16069,chicago.suntimes.com
www.nadirkitap.com, 4/10 , 4.5/10 ,18268,nadirkitap.com
www.ebay.com, 9/10 , 9.3/10 ,47,ebay.com
www.transfermarkt.com.mt, 3/10 , 3.3/10 ,100000,transfermarkt.com.mt
www.realtor.com, 10/10 , 10.0/10 ,456,realtor.com
www.deccanherald.com, 7/10 , 7.2/10 ,3950,deccanherald.com
www.marinelink.com, 10/10 , 10.0/10 ,64159,marinelink.com
en.wikipedia.org, 9/10 , 10.0/10 ,13,en.wikipedia.org
www.facebook.com, 10/10 , 10.0/10 ,4,facebook.com
twitter.com, 10/10 , 10.0/10 ,49,twitter.com
www.haberler.com, 7/10 , 7.7/10 ,1467,haberler.com
www.imdb.com, 9/10 , 9.4/10 ,62,imdb.com
www.hurriyet.com.tr, 8/10 , 8.1/10 ,385,hurriyet.com.tr
www.bbc.com, 8/10 , 9.1/10 ,80,bbc.com
www.sondakika.com, 6/10 , 6.7/10 ,4966,sondakika.com
www.theguardian.com, 8/10 , 9.1/10 ,122,theguardian.com
de.wikipedia.org, 9/10 , 9.2/10 ,13,de.wikipedia.org
www.legacy.com, 7/10 , 7.8/10 ,2894,legacy.com
www.independent.co.uk, 8/10 , 8.9/10 ,1128,independent.co.uk
www.gettyimages.com, 8/10 , 8.5/10 ,1828,gettyimages.com
www.bing.com, 9/10 , 9.3/10 ,35,bing.com
economictimes.indiatimes.com, 8/10 , 9.0/10 ,106,economictimes.indiatimes.com
tr.wikipedia.org, 8/10 , 8.3/10 ,13,tr.wikipedia.org
www.nytimes.com, 9/10 , 9.5/10 ,86,nytimes.com
apnews.com, 8/10 , 8.5/10 ,1692,apnews.com
www.cbc.ca, 8/10 , 8.7/10 ,983,cbc.ca
www.bbc.co.uk, 9/10 , 9.4/10 ,117,bbc.co.uk
www.msn.com, 9/10 , 9.3/10 ,55,msn.com
commons.wikimedia.org, 9/10 , 9.4/10 ,320,commons.wikimedia.org
www.wikiwand.com, 7/10 , 7.3/10 ,1564,wikiwand.com
www.bloomberg.com, 8/10 , 9.0/10 ,337,bloomberg.com
www.cnnturk.com, 7/10 , 7.5/10 ,2758,cnnturk.com
www.newsbreak.com, 5/10 , 5.3/10 ,4188,newsbreak.com
timesofindia.indiatimes.com, 8/10 , 9.1/10 ,106,timesofindia.indiatimes.com
www.telegraph.co.uk, 8/10 , 9.1/10 ,1052,telegraph.co.uk
theworldnews.net, 5/10 , 5.8/10 ,52057,theworldnews.net
www.milliyet.com.tr, 7/10 , 7.9/10 ,605,milliyet.com.tr
www.japantimes.co.jp, 8/10 , 8.1/10 ,3527,japantimes.co.jp
www.aljazeera.com, 8/10 , 8.5/10 ,2164,aljazeera.com
www.dailysabah.com, 7/10 , 7.2/10 ,18069,dailysabah.com
www.dailymail.co.uk, 8/10 , 9.1/10 ,293,dailymail.co.uk
pace.coe.int, 7/10 , 7.5/10 ,16366,pace.coe.int
www.sabah.com.tr, 7/10 , 7.3/10 ,1017,sabah.com.tr
www.c-span.org, 7/10 , 8.0/10 ,19420,c-span.org
www.hurriyetdailynews.com, 7/10 , 7.3/10 ,42604,hurriyetdailynews.com
www.dw.com, 8/10 , 8.5/10 ,666,dw.com
www.foxnews.com, 8/10 , 9.0/10 ,249,foxnews.com
www.cnn.com, 9/10 , 9.6/10 ,78,cnn.com
www.itv.com, 8/10 , 8.2/10 ,7440,itv.com
www.tellerreport.com, 5/10 , 5.3/10 ,100000,tellerreport.com
www.irishtimes.com, 8/10 , 8.2/10 ,5288,irishtimes.com
www.haberturk.com, 7/10 , 7.7/10 ,1085,haberturk.com
www.theyworkforyou.com, 6/10 , 6.5/10 ,100000,theyworkforyou.com
www.reddit.com:443, /10 , /10 ,20,reddit.com:443
eksisozluk.com, 6/10 , 6.4/10 ,481,eksisozluk.com
www.ndtv.com, 8/10 , 8.4/10 ,359,ndtv.com
www.pa.org.za, 4/10 , 4.3/10 ,100000,pa.org.za
fr.wikipedia.org, 9/10 , 9.2/10 ,13,fr.wikipedia.org
www.macleans.ca, 7/10 , 7.6/10 ,20774,macleans.ca
www.findagrave.com, 7/10 , 7.3/10 ,9699,findagrave.com
www.washingtonpost.com, 9/10 , 9.2/10 ,175,washingtonpost.com
sil.gobernacion.gob.mx, 5/10 , 5.6/10 ,66125,sil.gobernacion.gob.mx
peoplepill.com, 5/10 , 5.1/10 ,21828,peoplepill.com
www.espn.com, 8/10 , 8.8/10 ,185,espn.com
www.huffingtonpost.ca, 7/10 , 7.9/10 ,11656,huffingtonpost.ca
www.camara.leg.br, 7/10 , 7.7/10 ,9085,camara.leg.br
www.goodreads.com, 8/10 , 9.1/10 ,313,goodreads.com
www.oneindia.com, 7/10 , 7.3/10 ,1221,oneindia.com
www.abc.net.au, 8/10 , 8.6/10 ,904,abc.net.au
openparliament.ca, 5/10 , 5.9/10 ,100000,openparliament.ca
patch.com, 8/10 , 8.5/10 ,228,patch.com
www.reuters.com, 9/10 , 9.2/10 ,418,reuters.com
www.marketscreener.com, 6/10 , 6.5/10 ,11140,marketscreener.com
www.besoccer.com, 6/10 , 6.8/10 ,3621,besoccer.com
www.trtworld.com, 6/10 , 6.8/10 ,37372,trtworld.com
www.whoispopulartoday.com, 2/10 , 1.9/10 ,100000,whoispopulartoday.com
www.express.co.uk, 8/10 , 8.6/10 ,1367,express.co.uk
news.bbc.co.uk, 9/10 , 9.6/10 ,117,news.bbc.co.uk
www.thestar.com, 8/10 , 8.5/10 ,7850,thestar.com
www.arabnews.com, 7/10 , 7.5/10 ,7883,arabnews.com
www.britannica.com, 8/10 , 8.6/10 ,617,britannica.com
www.gettyimages.co.uk, 6/10 , 7.0/10 ,27963,gettyimages.co.uk
thehill.com, 8/10 , 8.7/10 ,1200,thehill.com
orcid.org, 7/10 , 7.4/10 ,5286,orcid.org
www.euractiv.com, 7/10 , 7.5/10 ,34885,euractiv.com
www.latimes.com, 8/10 , 9.0/10 ,1761,latimes.com
www.huffingtonpost.fr, 7/10 , 7.8/10 ,6235,huffingtonpost.fr
www.zeit.de, 8/10 , 8.3/10 ,2068,zeit.de
www.crunchbase.com, 8/10 , 8.4/10 ,5080,crunchbase.com
www.ctvnews.ca, 8/10 , 8.1/10 ,1871,ctvnews.ca
www.cbsnews.com, 8/10 , 8.8/10 ,1322,cbsnews.com
www.web24.news, 7/10 , 8.0/10 ,100000,web24.news
164.100.47.194, 7/10 , 8.0/10 ,100000,164.100.47.194
www.nbcnews.com, 7/10 , 8.0/10 ,598,nbcnews.com
www.ft.com, 7/10 , 8.0/10 ,1238,ft.com
www.hindustantimes.com, 8/10 , 8.3/10 ,603,hindustantimes.com
bianet.org, 6/10 , 6.5/10 ,57121,bianet.org
news.feed-reader.net, 4/10 , 4.4/10 ,100000,news.feed-reader.net
abcnews.go.com, 9/10 , 9.3/10 ,1130,abcnews.go.com
www.news18.com, 7/10 , 7.9/10 ,592,news18.com
www.yenisafak.com, 7/10 , 7.2/10 ,954,yenisafak.com
www.iha.com.tr, 6/10 , 6.8/10 ,22010,iha.com.tr
www.iol.co.za, 7/10 , 7.8/10 ,5479,iol.co.za
www.prnewswire.com, 8/10 , 8.5/10 ,5433,prnewswire.com
pt.wikipedia.org, 8/10 , 9.0/10 ,13,pt.wikipedia.org
www.dnaindia.com, 7/10 , 7.9/10 ,11310,dnaindia.com
es.wikipedia.org, 9/10 , 9.3/10 ,13,es.wikipedia.org
www.chicagotribune.com, 8/10 , 8.7/10 ,2411,chicagotribune.com
www.newsnow.co.uk, 6/10 , 6.1/10 ,3390,newsnow.co.uk
parlamento17.openpolis.it, 5/10 , 5.8/10 ,100000,parlamento17.openpolis.it
www.today.ng, 6/10 , 6.4/10 ,11590,today.ng
ahvalnews.com, /10 , /10 ,97663,ahvalnews.com
finance.yahoo.com, 8/10 , 9.1/10 ,12,finance.yahoo.com
www.thesun.co.uk, 8/10 , 8.7/10 ,1383,thesun.co.uk
www.npr.org, 8/10 , 9.0/10 ,530,npr.org
www.theglobeandmail.com, 8/10 , 8.5/10 ,4372,theglobeandmail.com
www.cnbc.com, 8/10 , 8.8/10 ,248,cnbc.com
www.wikizero.com, 4/10 , 4.5/10 ,36402,wikizero.com
relationshipscience.com, 5/10 , 4.9/10 ,100000,relationshipscience.com
news.yahoo.com, 9/10 , 9.2/10 ,12,news.yahoo.com
www.semanticscholar.org, 7/10 , 7.3/10 ,1309,semanticscholar.org
www.theaustralian.com.au, 7/10 , 8.0/10 ,10395,theaustralian.com.au
arsiv.ntv.com.tr, 7/10 , 7.0/10 ,2091,arsiv.ntv.com.tr
www.rollcall.com, 7/10 , 7.5/10 ,49486,rollcall.com
www.france24.com, 8/10 , 8.3/10 ,2522,france24.com
it.wikipedia.org, 8/10 , 8.9/10 ,13,it.wikipedia.org
argomenti.ilsole24ore.com, 7/10 , 7.7/10 ,3186,argomenti.ilsole24ore.com
link.springer.com, 8/10 , 8.9/10 ,459,link.springer.com
www.baltimoresun.com, 8/10 , 8.2/10 ,13890,baltimoresun.com
www.amazon.com, 9/10 , 9.9/10 ,14,amazon.com
www.parliament.gov.za, 5/10 , 5.4/10 ,100000,parliament.gov.za
www.internethaber.com, 6/10 , 6.4/10 ,4554,internethaber.com
www.news.com.au, 8/10 , 8.7/10 ,1059,news.com.au
www.animenewsnetwork.com, 7/10 , 8.0/10 ,8180,animenewsnetwork.com
vimeo.com, 10/10 , 10.0/10 ,164,vimeo.com
zeenews.india.com, 8/10 , 8.2/10 ,1375,zeenews.india.com
www.huffingtonpost.co.uk, 8/10 , 8.5/10 ,19316,huffingtonpost.co.uk
www.cumhuriyetarsivi.com, 4/10 , 4.2/10 ,100000,cumhuriyetarsivi.com
www.conservativehome.com, /10 , /10 ,100000,conservativehome.com
www.usatoday.com, 8/10 , 8.6/10 ,439,usatoday.com
www.nhl.com, 8/10 , 8.2/10 ,5054,nhl.com
koreajoongangdaily.joins.com, 7/10 , 7.4/10 ,1443,koreajoongangdaily.joins.com
www.rt.com, 10/10 , 10.0/10 ,353,rt.com
www.goal.com, 8/10 , 8.6/10 ,1955,goal.com
www.antakyagazetesi.com, 4/10 , 4.3/10 ,100000,antakyagazetesi.com
www.idefix.com, 5/10 , 5.7/10 ,11953,idefix.com
khn.org, 7/10 , 7.5/10 ,40027,khn.org
www.seacoastonline.com, 6/10 , 6.9/10 ,100000,seacoastonline.com
whogoverns.eu, 3/10 , 3.5/10 ,100000,whogoverns.eu
www.soompi.com, 7/10 , 7.8/10 ,5845,soompi.com
www.a3haber.com, 3/10 , 2.7/10 ,63939,a3haber.com
bismarcktribune.com, 6/10 , 6.7/10 ,100000,bismarcktribune.com
www.buzzfeed.com, 8/10 , 9.0/10 ,449,buzzfeed.com
www.expressandstar.com, 6/10 , 6.8/10 ,90986,expressandstar.com
www.omaha.com, 7/10 , 7.3/10 ,24815,omaha.com
www.dailynews.com, 7/10 , 7.5/10 ,29694,dailynews.com
kumparan.com, 7/10 , 7.1/10 ,225,kumparan.com
www.gettyimages.ca, 6/10 , 6.0/10 ,34522,gettyimages.ca
www.howold.co, 3/10 , 3.3/10 ,100000,howold.co
www.azcentral.com, 8/10 , 8.2/10 ,5676,azcentral.com
www.heraldscotland.com, 7/10 , 7.4/10 ,53893,heraldscotland.com
jewishnews.timesofisrael.com, 7/10 , 7.9/10 ,6103,jewishnews.timesofisrael.com
www.artland.com, 4/10 , 4.1/10 ,100000,artland.com
www.dailyherald.com, 7/10 , 7.7/10 ,29379,dailyherald.com
www.chicagobusiness.com, 7/10 , 7.2/10 ,44809,chicagobusiness.com
www.arkansasonline.com, 7/10 , 7.4/10 ,69902,arkansasonline.com
www.johannavoss.com, 2/10 , 2.2/10 ,100000,johannavoss.com
www.theatlantic.com, 8/10 , 8.7/10 ,1281,theatlantic.com
vancouversun.com, 8/10 , 8.2/10 ,23736,vancouversun.com
gulfnews.com, 8/10 , 8.1/10 ,1980,gulfnews.com
actu.orange.fr, 7/10 , 8/10 ,475,actu.orange.fr
www.dispatch.com, 7/10 , 7.6/10 ,31542,dispatch.com
mgerretsen.liberal.ca, 5/10 , 5.9/10 ,100000,mgerretsen.liberal.ca
infogalactic.com, 5/10 , 5.3/10 ,100000,infogalactic.com
www.bild.de, 8/10 , 8.5/10 ,888,bild.de
pt-br.facebook.com, 9/10 , 9.8/10 ,4,pt-br.facebook.com
www.channel4.com, 8/10 , 8.4/10 ,4866,channel4.com
www.ozy.com, 7/10 , 7.1/10 ,58269,ozy.com
www.rollingstone.com, 8/10 , 8.6/10 ,2005,rollingstone.com
sports.yahoo.com, 8/10 , 8.8/10 ,12,sports.yahoo.com
guardian.ng, 7/10 , 7.9/10 ,5837,guardian.ng
www.drdanielpoulter.com, 3/10 , 3.2/10 ,100000,drdanielpoulter.com
www.billboard.com, 8/10 , 8.6/10 ,2544,billboard.com
www.gettyimages.com.au, 5/10 , 5.8/10 ,46515,gettyimages.com.au
english.alarabiya.net, 8/10 , 8.2/10 ,1594,english.alarabiya.net
www.wbur.org, 7/10 , 7.6/10 ,18762,wbur.org
www.espncricinfo.com, 7/10 , 7.8/10 ,2898,espncricinfo.com
saitjournalism.ca, 2/10 , 2.4/10 ,100000,saitjournalism.ca
carbajal.house.gov, 8/10 , 8.3/10 ,7186,carbajal.house.gov
www.hutchnews.com, 6/10 , 6.4/10 ,100000,hutchnews.com
www.pnas.org, 8/10 , 8.2/10 ,10693,pnas.org
www.handelsblatt.com, 7/10 , 8.0/10 ,7253,handelsblatt.com
abc7ny.com, 7/10 , 7.7/10 ,16544,abc7ny.com
trendingcelebsnow.com, 3/10 , 2.8/10 ,100000,trendingcelebsnow.com
www.couriermail.com.au, 7/10 , 7.3/10 ,32905,couriermail.com.au
obits.dallasnews.com, 7/10 , 7.6/10 ,10304,obits.dallasnews.com
tr-tr.facebook.com, 9/10 , 9.7/10 ,4,tr-tr.facebook.com
www.rappler.com, 7/10 , 7.8/10 ,1210,rappler.com
www.lenwebbermp.ca, 1/10 , 1.3/10 ,100000,lenwebbermp.ca
www.dailypress.com, 7/10 , 7.0/10 ,93927,dailypress.com
perlmutter.house.gov, 8/10 , 8.4/10 ,7186,perlmutter.house.gov
www.cincinnati.com, 7/10 , 7.7/10 ,30596,cincinnati.com
www.startribune.com, 8/10 , 8.3/10 ,6411,startribune.com
publicpeople.org.za, 1/10 , 0.7/10 ,100000,publicpeople.org.za
www.heraldsun.com.au, 7/10 , 7.9/10 ,16130,heraldsun.com.au
www.skysports.com, 8/10 , 8.3/10 ,3660,skysports.com
www.fibhaber.com, 4/10 , 3.9/10 ,100000,fibhaber.com
news.trust.org, 7/10 , 7.3/10 ,22840,news.trust.org
onedio.com, 7/10 , 7.7/10 ,1897,onedio.com
www.corumhaber.net, 4/10 , 4.3/10 ,100000,corumhaber.net
www.haber46.com.tr, 4/10 , 3.9/10 ,77257,haber46.com.tr
www.realtor.com, 8/10 , 8.5/10 ,456,realtor.com
www.savannahnow.com, 7/10 , 7.1/10 ,100000,savannahnow.com
www.deccanherald.com, 7/10 , 7.2/10 ,3950,deccanherald.com
www.fupa.net, 6/10 , 6.3/10 ,85631,fupa.net
www.marinelink.com, 5/10 , 5.8/10 ,64159,marinelink.com
www.gazetevatan.com, 6/10 , 6.9/10 ,8272,gazetevatan.com
www.theadvocate.com, 7/10 , 7.5/10 ,2980,theadvocate.com
greece.greekreporter.com, 7/10 , 7.2/10 ,58301,greece.greekreporter.com
www.komei.or.jp, 5/10 , 5.2/10 ,100000,komei.or.jp
en.mercopress.com, 6/10 , 6.6/10 ,100000,en.mercopress.com
garretgraves.house.gov, 8/10 , 8.3/10 ,7186,garretgraves.house.gov
www.bostonherald.com, 7/10 , 7.9/10 ,29535,bostonherald.com
play.google.com, 9/10 , 9.8/10 ,1,play.google.com
m.haber7.com, 6/10 , 6.6/10 ,1559,m.haber7.com
projects.fivethirtyeight.com, 7/10 , 7.7/10 ,3250,projects.fivethirtyeight.com
www.arnold-vaatz.de, 2/10 , 2.1/10 ,100000,arnold-vaatz.de
amodei.house.gov, 8/10 , 8.3/10 ,7186,amodei.house.gov
www.sportsmole.co.uk, 6/10 , 6.3/10 ,13948,sportsmole.co.uk
www.ksat.com, 7/10 , 7.2/10 ,37956,ksat.com
mattjeneroux.ca, 3/10 , 2.7/10 ,100000,mattjeneroux.ca
www.newswire.ca, 7/10 , 7.3/10 ,33236,newswire.ca
foursquare.com, 8/10 , 9.1/10 ,4960,foursquare.com
www.hekimler.net, 1/10 , 1.5/10 ,100000,hekimler.net
playback.fm, 6/10 , 6.2/10 ,72355,playback.fm
www.oann.com, 6/10 , 6.9/10 ,30003,oann.com
www.ncbi.nlm.nih.gov, 8/10 , 9.1/10 ,127,ncbi.nlm.nih.gov
m.news24.com, 7/10 , 7.4/10 ,2382,m.news24.com
tinaztitiz.com, 3/10 , 2.9/10 ,100000,tinaztitiz.com
ca.news.yahoo.com, 8/10 , 8.7/10 ,12,ca.news.yahoo.com
www.erolnews.com, 2/10 , 2.3/10 ,100000,erolnews.com
www.pbs.org, 8/10 , 8.8/10 ,1394,pbs.org
frankfordgazette.com, 3/10 , 3.3/10 ,100000,frankfordgazette.com
www.moneycontrol.com, 7/10 , 7.9/10 ,315,moneycontrol.com
bc.ctvnews.ca, 8/10 , 8.2/10 ,1871,bc.ctvnews.ca
www.stellamaris.org, 3/10 , 3.0/10 ,100000,stellamaris.org
www.tracesofwar.com, 5/10 , 5.3/10 ,100000,tracesofwar.com
www.pierrelemieux.com, 3/10 , 3.2/10 ,100000,pierrelemieux.com
www.ansa.it, 8/10 , 8.2/10 ,2321,ansa.it
www.limebury.com, 2/10 , 2.3/10 ,100000,limebury.com
www.denverpost.com, 8/10 , 8.2/10 ,2638,denverpost.com
victoriaborwick.london, 3/10 , 2.9/10 ,100000,victoriaborwick.london
www.dailymaverick.co.za, 7/10 , 7.0/10 ,10788,dailymaverick.co.za
www.cleveland.com, 8/10 , 8.3/10 ,9573,cleveland.com
www.aptnnews.ca, 5/10 , 5.6/10 ,100000,aptnnews.ca
tomwatson.com, 4/10 , 3.9/10 ,100000,tomwatson.com
www.politicshome.com, 6/10 , 6.4/10 ,100000,politicshome.com
poptopnews.com, 3/10 , 2.9/10 ,100000,poptopnews.com
en-gb.facebook.com, 9/10 , 9.8/10 ,4,en-gb.facebook.com
www.liberoquotidiano.it, 7/10 , 7.1/10 ,11206,liberoquotidiano.it
thelinknews.net, 4/10 , 3.9/10 ,100000,thelinknews.net
www.gettyimages.dk, 5/10 , 5.1/10 ,100000,gettyimages.dk
newsinfo.inquirer.net, 8/10 , 8.1/10 ,384,newsinfo.inquirer.net
www.roybeggs.co.uk, 2/10 , 1.7/10 ,100000,roybeggs.co.uk
www.masslive.com, 7/10 , 7.7/10 ,21521,masslive.com
www.news4jax.com, 7/10 , 7.3/10 ,20313,news4jax.com
www.wthr.com, 7/10 , 7.2/10 ,34777,wthr.com
www.bostonglobe.com, 8/10 , 8.4/10 ,7157,bostonglobe.com
www.thehansindia.com, 6/10 , 6.6/10 ,7192,thehansindia.com
guest.house.gov, 8/10 , 8.1/10 ,7186,guest.house.gov
pittsburgh.cbslocal.com, 8/10 , 8.5/10 ,1770,pittsburgh.cbslocal.com
www.larrymaguire.ca, 3/10 , 2.7/10 ,100000,larrymaguire.ca
www.europeanleadershipnetwork.org, 5/10 , 5.2/10 ,100000,europeanleadershipnetwork.org
www.leparisien.fr, 8/10 , 8.3/10 ,2597,leparisien.fr
openlibrary.org, 7/10 , 7.6/10 ,8394,openlibrary.org
www.boston.com, 8/10 , 8.7/10 ,3641,boston.com
www.tribunnewswiki.com, 3/10 , 3.5/10 ,84360,tribunnewswiki.com
inews.co.uk, 7/10 , 7.5/10 ,18787,inews.co.uk
elieabboud.com, 0/10 , 0.2/10 ,100000,elieabboud.com
www.cherylgillan.co.uk, 3/10 , 3.7/10 ,100000,cherylgillan.co.uk
www.tgcom24.mediaset.it, 7/10 , 7.7/10 ,2460,tgcom24.mediaset.it
www.mysanantonio.com, 7/10 , 7.6/10 ,40616,mysanantonio.com
hice.house.gov, 8/10 , 8.3/10 ,7186,hice.house.gov
tr.sputniknews.com, 8/10 , 8.3/10 ,912,tr.sputniknews.com
www.worldcat.org, 7/10 , 7.8/10 ,4795,worldcat.org
247sports.com, 7/10 , 7.9/10 ,3341,247sports.com
haberglobal.com.tr, 4/10 , 4.1/10 ,4447,haberglobal.com.tr
www.ocregister.com, 7/10 , 8.0/10 ,11015,ocregister.com
apa.az, 6/10 , 6.6/10 ,5462,apa.az
www.timesofisrael.com, 7/10 , 8.0/10 ,6103,timesofisrael.com
www.xinhuanet.com, 8/10 , 9.0/10 ,22,xinhuanet.com
www.sowetanlive.co.za, 6/10 , 6.5/10 ,35620,sowetanlive.co.za
www.wsls.com, 6/10 , 6.6/10 ,63802,wsls.com
www.twincities.com, 7/10 , 7.7/10 ,28426,twincities.com
edirnesonhaber.com, 3/10 , 2.8/10 ,100000,edirnesonhaber.com
www.law.com, 7/10 , 7.7/10 ,16979,law.com
www.rotowire.com, 6/10 , 6.4/10 ,100000,rotowire.com
www.penguinrandomhouse.com, 7/10 , 7.8/10 ,9704,penguinrandomhouse.com
minnesota.cbslocal.com, 8/10 , 8.5/10 ,1770,minnesota.cbslocal.com
news.wttw.com, 6/10 , 7.0/10 ,68915,news.wttw.com
www.timesindonesia.co.id, 4/10 , 4.6/10 ,52403,timesindonesia.co.id
avirani.liberal.ca, 6/10 , 6.0/10 ,100000,avirani.liberal.ca
www.yardbarker.com, 6/10 , 6.9/10 ,48551,yardbarker.com
www.dignitymemorial.com, 6/10 , 6.7/10 ,34389,dignitymemorial.com
www.newsletter.co.uk, 6/10 , 6.3/10 ,100000,newsletter.co.uk
www.saudiembassy.net, 5/10 , 5.9/10 ,100000,saudiembassy.net
jonsullivan.com, 3/10 , 3.3/10 ,100000,jonsullivan.com
osmanonline.co.uk, 2/10 , 2.1/10 ,36189,osmanonline.co.uk
www.historicales.com, 2/10 , 2.0/10 ,100000,historicales.com
asbarez.com, 6/10 , 6.1/10 ,100000,asbarez.com
www.societe.com, 6/10 , 6.7/10 ,9907,societe.com
atlantic.ctvnews.ca, 7/10 , 8.0/10 ,1871,atlantic.ctvnews.ca
azslide.com, 3/10 , 2.9/10 ,100000,azslide.com
www.syracuse.com, 7/10 , 7.8/10 ,14955,syracuse.com
www.msnbc.com, 8/10 , 8.5/10 ,3699,msnbc.com
peterjulian.ca, 3/10 , 3.7/10 ,100000,peterjulian.ca
www.winnipegfreepress.com, 7/10 , 7.1/10 ,62804,winnipegfreepress.com
chippewa.com, 6/10 , 6.1/10 ,100000,chippewa.com
foreignpolicy.com, 8/10 , 8.4/10 ,6735,foreignpolicy.com
www.xing.com, 8/10 , 8.7/10 ,2044,xing.com
www.middleeasteye.net, 7/10 , 7.0/10 ,28469,middleeasteye.net
journalstar.com, 7/10 , 7.2/10 ,43014,journalstar.com
www.statesman.com, 7/10 , 7.7/10 ,23456,statesman.com
op.europa.eu, 8/10 , 8.6/10 ,670,op.europa.eu
www.defensenews.com, 7/10 , 7.2/10 ,57551,defensenews.com
www.millermagazine.com, 3/10 , 3.2/10 ,100000,millermagazine.com
dribrahimdogan.com, 2/10 , 2.3/10 ,100000,dribrahimdogan.com
www.benzinga.com, 7/10 , 7.5/10 ,7007,benzinga.com
landpack.de, 3/10 , 3.7/10 ,100000,landpack.de
yourfamilymed.com, 3/10 , 2.9/10 ,100000,yourfamilymed.com
news.stanford.edu, 8/10 , 8.6/10 ,1178,news.stanford.edu
infotel.ca, 5/10 , 5.8/10 ,100000,infotel.ca
vaxess.com, 3/10 , 3.6/10 ,100000,vaxess.com
www.fgv.br, 7/10 , 7.3/10 ,7914,fgv.br
www.gittigidiyor.com, 7/10 , 7.1/10 ,1555,gittigidiyor.com
www.celanese.com, 5/10 , 5.3/10 ,100000,celanese.com
www.patriotledger.com, 6/10 , 6.4/10 ,100000,patriotledger.com
www.crikey.com.au, 6/10 , 6.6/10 ,91684,crikey.com.au
www.diclehaber.com, 4/10 , 4.7/10 ,100000,diclehaber.com
www.fmc.gov, 5/10 , 5.1/10 ,100000,fmc.gov
www.phayul.com, 5/10 , 5.7/10 ,100000,phayul.com
www.totalpolitics.com, 5/10 , 5.3/10 ,100000,totalpolitics.com
wolfgangklausner.de, 2/10 , 1.7/10 ,100000,wolfgangklausner.de
www.steelers.com, 6/10 , 6.8/10 ,100000,steelers.com
www.emmahardy.org.uk, 2/10 , 1.6/10 ,100000,emmahardy.org.uk
worddisk.com, 3/10 , 2.9/10 ,100000,worddisk.com
lundbergtech.com, 3/10 , 3.1/10 ,100000,lundbergtech.com
www.enr.com, 6/10 , 6.3/10 ,83379,enr.com
1tv.ge, 6/10 , 6.0/10 ,3579,1tv.ge
ahousefather.liberal.ca, 6/10 , 6.0/10 ,100000,ahousefather.liberal.ca
www.hongkongwatch.org, 4/10 , 4.0/10 ,100000,hongkongwatch.org
www.bobewaterandfire.com, 3/10 , 2.7/10 ,100000,bobewaterandfire.com
www.chrisphilp.com, 3/10 , 2.8/10 ,100000,chrisphilp.com
video.news24.com, 7/10 , 7.0/10 ,2382,video.news24.com
www.schoeler.de, 2/10 , 2.2/10 ,100000,schoeler.de
alistairmacgregor.ndp.ca, 5/10 , 5.8/10 ,100000,alistairmacgregor.ndp.ca
www.mbot.com, 4/10 , 4.3/10 ,100000,mbot.com
www.cairnspost.com.au, 6/10 , 6.0/10 ,100000,cairnspost.com.au
www.siegfried.ch, 4/10 , 4.1/10 ,100000,siegfried.ch
www.susanlambcook.com, 2/10 , 1.6/10 ,100000,susanlambcook.com
www.namibian.com.na, 6/10 , 6.1/10 ,100000,namibian.com.na
alistairmacgregor.org, 1/10 , 1.4/10 ,100000,alistairmacgregor.org
www.ipe.com, 5/10 , 5.8/10 ,100000,ipe.com
www.law.gwu.edu, 6/10 , 7.0/10 ,11693,law.gwu.edu
berlin.mfa.gov.az, 5/10 , 5.3/10 ,39393,berlin.mfa.gov.az
www.polity.org.za, 5/10 , 5.5/10 ,100000,polity.org.za
www.democracynow.org, 7/10 , 8.0/10 ,17680,democracynow.org
www.stevedouble.org.uk, 3/10 , 3.1/10 ,100000,stevedouble.org.uk
www.tendanceouest.com, 6/10 , 6.4/10 ,100000,tendanceouest.com
www.dailyxtra.com, 6/10 , 6.1/10 ,100000,dailyxtra.com
www.professoren.tum.de, 6/10 , 6.3/10 ,12072,professoren.tum.de
seniorhousingnews.com, 5/10 , 5.6/10 ,100000,seniorhousingnews.com
ashpublications.org, 5/10 , 5.3/10 ,72388,ashpublications.org
www.armytimes.com, 6/10 , 6.8/10 ,100000,armytimes.com
www.fox13news.com, 6/10 , 6.9/10 ,41466,fox13news.com
www.stern.de, 7/10 , 8.0/10 ,4233,stern.de
www.agi.it, 7/10 , 7.3/10 ,20847,agi.it
www.judoinside.com, 5/10 , 5.4/10 ,100000,judoinside.com
www.gileswatling.co.uk, 2/10 , 1.9/10 ,100000,gileswatling.co.uk
www.cbs58.com, 6/10 , 6.3/10 ,100000,cbs58.com
cardenas.house.gov, 8/10 , 8.3/10 ,7186,cardenas.house.gov
www.augustachronicle.com, 6/10 , 6.4/10 ,100000,augustachronicle.com
www.leftvoice.org, 5/10 , 5.0/10 ,100000,leftvoice.org
www.wctrib.com, 6/10 , 6.2/10 ,100000,wctrib.com
diariodonordeste.verdesmares.com.br, 7/10 , 7.5/10 ,18990,diariodonordeste.verdesmares.com.br
radio.foxnews.com, 8/10 , 8.7/10 ,249,radio.foxnews.com
insurancenewsnet.com, 6/10 , 6.2/10 ,100000,insurancenewsnet.com
www.mywebtimes.com, 5/10 , 5.7/10 ,100000,mywebtimes.com
woodall.house.gov, 8/10 , 8.3/10 ,7186,woodall.house.gov
smucker.house.gov, 8/10 , 8.3/10 ,7186,smucker.house.gov
www.iiimef.marines.mil, 6/10 , 6.6/10 ,60267,iiimef.marines.mil
www.theherald-news.com, 5/10 , 5.8/10 ,100000,theherald-news.com
www.clarionledger.com, 7/10 , 7.1/10 ,84857,clarionledger.com
www.ianlavery.co.uk, 2/10 , 1.8/10 ,100000,ianlavery.co.uk
www.onlineathens.com, 6/10 , 6.8/10 ,100000,onlineathens.com
azcapitoltimes.com, 6/10 , 6.2/10 ,100000,azcapitoltimes.com
www.diyanet.tv, 4/10 , 4.1/10 ,97390,diyanet.tv
www.pressdemocrat.com, 7/10 , 7.2/10 ,45340,pressdemocrat.com
www.umass.edu, 7/10 , 7.9/10 ,8527,umass.edu
www.wisn.com, 6/10 , 6.9/10 ,69090,wisn.com
www.advancedsciencenews.com, 4/10 , 4.8/10 ,100000,advancedsciencenews.com
www.forsythnews.com, 5/10 , 5.5/10 ,100000,forsythnews.com
www.sandiego.edu, 6/10 , 6.5/10 ,41940,sandiego.edu
surabaya.tribunnews.com, 7/10 , 8.0/10 ,37,surabaya.tribunnews.com
www.deezer.com, 8/10 , 8.5/10 ,1548,deezer.com
www.radionwtn.com, 2/10 , 2.3/10 ,100000,radionwtn.com
www.radarcirebon.com, 5/10 , 5.1/10 ,22330,radarcirebon.com
golden.house.gov, 8/10 , 8.2/10 ,7186,golden.house.gov
sabetayciavcisi.blogspot.com, 2/10 , 1.8/10 ,100000,sabetayciavcisi.blogspot.com
www.tudelft.nl, 7/10 , 7.3/10 ,10582,tudelft.nl
www.swstrings.com, 4/10 , 4.3/10 ,100000,swstrings.com
www.looptt.com, 5/10 , 5.2/10 ,100000,looptt.com
parlemensenayan.com, 0/10 , 0.4/10 ,100000,parlemensenayan.com
www.tuko.co.ke, 6/10 , 6.2/10 ,2192,tuko.co.ke
www.blick.ch, 7/10 , 7.4/10 ,4389,blick.ch
ahmetsaltik.net, 3/10 , 3.0/10 ,100000,ahmetsaltik.net
video.tribunnews.com, 7/10 , 8.0/10 ,37,video.tribunnews.com
thestarphoenix.com, 6/10 , 7.0/10 ,100000,thestarphoenix.com
katadata.co.id, 5/10 , 5.8/10 ,3721,katadata.co.id
www.kaosgl.org, 5/10 , 5.0/10 ,100000,kaosgl.org
alphanewsmn.com, 5/10 , 5.3/10 ,100000,alphanewsmn.com
github.com, 9/10 , 9.9/10 ,76,github.com
www.buildzoom.com, 6/10 , 5.9/10 ,62061,buildzoom.com
www.biznews.com, 6/10 , 6.2/10 ,65319,biznews.com
www.pecheurdimages.com, 3/10 , 3.7/10 ,100000,pecheurdimages.com
novenanews.com, 3/10 , 3.6/10 ,100000,novenanews.com
www.zaubacorp.com, 5/10 , 4.9/10 ,7256,zaubacorp.com
www.gazeterize.com, 3/10 , 3.6/10 ,100000,gazeterize.com
ajansspor.com, 5/10 , 5.7/10 ,34537,ajansspor.com
www.cayhaber.net, 3/10 , 2.9/10 ,100000,cayhaber.net
dulwichcentre.com.au, 4/10 , 4.6/10 ,100000,dulwichcentre.com.au
www.wiwo.de, 7/10 , 7.5/10 ,35600,wiwo.de
www.fifa.com, 8/10 , 8.7/10 ,15126,fifa.com
mikerogers.house.gov, 8/10 , 8.3/10 ,7186,mikerogers.house.gov
www.scribd.com, 8/10 , 9.0/10 ,279,scribd.com
socprime.com, 3/10 , 3.6/10 ,100000,socprime.com
www.bakirkoygazetesi.com, 2/10 , 2.5/10 ,100000,bakirkoygazetesi.com
www.turkedebiyatcilar.net, 1/10 , 1.4/10 ,100000,turkedebiyatcilar.net
www.volleyball.world, 4/10 , 4.5/10 ,100000,volleyball.world
europe.autonews.com, 7/10 , 7.6/10 ,27031,europe.autonews.com
www.elazighakimiyethaber.com, 3/10 , 3.1/10 ,100000,elazighakimiyethaber.com
www.southeastcornwallconservatives.com, 2/10 , 2.4/10 ,100000,southeastcornwallconservatives.com
aramajapan.com, 5/10 , 5.5/10 ,100000,aramajapan.com
www.yenisoz.com.tr, 4/10 , 3.9/10 ,100000,yenisoz.com.tr
en.as.com, 7/10 , 8.0/10 ,612,en.as.com
www.thestatesman.com, 6/10 , 7.0/10 ,18581,thestatesman.com
www.robesonian.com, 5/10 , 5.6/10 ,100000,robesonian.com
www.weatherbug.com, 7/10 , 7.1/10 ,23186,weatherbug.com
www.wtoc.com, 6/10 , 6.7/10 ,100000,wtoc.com
www.habererk.com, 4/10 , 4.2/10 ,55925,habererk.com
annwagner.com, 4/10 , 3.9/10 ,100000,annwagner.com
www.autonews.com, 7/10 , 7.5/10 ,27031,autonews.com
www.loc.gov, 8/10 , 8.7/10 ,3751,loc.gov
www.albertleatribune.com, 5/10 , 5.5/10 ,100000,albertleatribune.com
www.fanpop.com, 7/10 , 8.0/10 ,14917,fanpop.com
www.nachhaltigkeitsrat.de, 5/10 , 5.1/10 ,100000,nachhaltigkeitsrat.de
www.postbulletin.com, 6/10 , 6.6/10 ,98317,postbulletin.com
eckhardt-logistik.de, 2/10 , 2.3/10 ,100000,eckhardt-logistik.de
inhabitat.com, 8/10 , 8.4/10 ,26730,inhabitat.com
www.digitalspy.com, 7/10 , 7.8/10 ,5671,digitalspy.com
ssidhu.liberal.ca, 6/10 , 6.0/10 ,100000,ssidhu.liberal.ca
www.soccertoday.com, 4/10 , 4.2/10 ,100000,soccertoday.com
theculturetrip.com, 7/10 , 8.0/10 ,4576,theculturetrip.com
www.parliament.am, 5/10 , 5.6/10 ,100000,parliament.am
archive.indianexpress.com, 7/10 , 7.9/10 ,790,archive.indianexpress.com
neomsaudicity.net, 2/10 , 2.4/10 ,100000,neomsaudicity.net
www.washingtonexaminer.com, 7/10 , 7.9/10 ,7782,washingtonexaminer.com
www.mountainviewtoday.ca, 4/10 , 4.0/10 ,100000,mountainviewtoday.ca
uk.news.yahoo.com, 8/10 , 8.8/10 ,12,uk.news.yahoo.com
sukhdhaliwal.liberal.ca, 5/10 , 5.8/10 ,100000,sukhdhaliwal.liberal.ca
sbcnews.co.uk, 5/10 , 5.3/10 ,100000,sbcnews.co.uk
fraksinasdem.org, 2/10 , 2.1/10 ,100000,fraksinasdem.org
susanwbrooks.house.gov, 8/10 , 8.3/10 ,7186,susanwbrooks.house.gov
www.udall.gov, 4/10 , 4.8/10 ,100000,udall.gov
www.theladders.com, 6/10 , 7.0/10 ,9420,theladders.com
desaulnier.house.gov, 8/10 , 8.3/10 ,7186,desaulnier.house.gov
www.morogluarseven.com, 3/10 , 3.1/10 ,100000,morogluarseven.com
www.aps.org, 7/10 , 7.8/10 ,19738,aps.org
www.andrewbridgen.com, 3/10 , 3.0/10 ,100000,andrewbridgen.com
www.thomannmusic.com, 4/10 , 4.2/10 ,100000,thomannmusic.com
www.drfz.de, 3/10 , 3.6/10 ,100000,drfz.de
commons.und.edu, 6/10 , 6.4/10 ,46320,commons.und.edu
www.mpnnow.com, 5/10 , 5.8/10 ,100000,mpnnow.com
www.theyeshivaworld.com, 6/10 , 6.2/10 ,25324,theyeshivaworld.com
www.karl-lamers.de, 3/10 , 2.9/10 ,100000,karl-lamers.de
globelegislators.org, 3/10 , 3.7/10 ,100000,globelegislators.org
obits.nwfdailynews.com, 6/10 , 6.1/10 ,100000,obits.nwfdailynews.com
abc11.com, 7/10 , 7.2/10 ,36656,abc11.com
saim.sch.id, 2/10 , 2.1/10 ,100000,saim.sch.id
lbpost.com, 6/10 , 6.2/10 ,14715,lbpost.com
www.gleauty.com, 3/10 , 3.6/10 ,100000,gleauty.com
www.innocenceproject.org, 6/10 , 6.8/10 ,98633,innocenceproject.org
www.marierimmer.co.uk, 1/10 , 0.8/10 ,100000,marierimmer.co.uk
lacombeonline.com, 4/10 , 4.7/10 ,100000,lacombeonline.com
www.casino-review.co, 3/10 , 3.5/10 ,100000,casino-review.co
dailygazette.com, 6/10 , 6.6/10 ,100000,dailygazette.com
ziadaboultaif.ca, 2/10 , 2.0/10 ,100000,ziadaboultaif.ca
news.cision.com, 7/10 , 7.5/10 ,15565,news.cision.com
www.greens-efa.eu, 5/10 , 5.9/10 ,100000,greens-efa.eu
willamos.liberal.ca, 5/10 , 5.3/10 ,100000,willamos.liberal.ca
www.visionmonday.com, 5/10 , 5.1/10 ,100000,visionmonday.com
www.kpbs.org, 6/10 , 6.9/10 ,43758,kpbs.org
anthonyrota.liberal.ca, 5/10 , 5.6/10 ,100000,anthonyrota.liberal.ca
www.andylevinforcongress.com, 2/10 , 2.5/10 ,100000,andylevinforcongress.com
www.fin24.com, 7/10 , 7.5/10 ,13561,fin24.com
www.marketbeat.com, 6/10 , 6.5/10 ,10995,marketbeat.com
www.michiganradio.org, 6/10 , 6.6/10 ,100000,michiganradio.org
jeanyip.liberal.ca, 5/10 , 5.8/10 ,100000,jeanyip.liberal.ca
www.king5.com, 7/10 , 7.5/10 ,22475,king5.com
www.uefa.com, 8/10 , 8.5/10 ,13889,uefa.com
fens.sabanciuniv.edu, 5/10 , 5.6/10 ,55654,fens.sabanciuniv.edu
www.kxnet.com, 5/10 , 5.7/10 ,100000,kxnet.com
www.wku.edu, 6/10 , 6.6/10 ,73987,wku.edu
www.arnaudviala.fr, 2/10 , 1.9/10 ,100000,arnaudviala.fr
www.chicoer.com, 6/10 , 6.4/10 ,100000,chicoer.com
www.stuttgarter-zeitung.de, 7/10 , 7.2/10 ,41434,stuttgarter-zeitung.de
www.sportskeeda.com, 7/10 , 7.8/10 ,5166,sportskeeda.com
senedd.wales, 4/10 , 4.4/10 ,100000,senedd.wales
www.indianbureaucracy.com, 3/10 , 3.5/10 ,77571,indianbureaucracy.com
www.theleader.com.au, 5/10 , 5.3/10 ,100000,theleader.com.au
www.massgeneral.org, 7/10 , 7.3/10 ,75989,massgeneral.org
www.theyucatantimes.com, 6/10 , 6.2/10 ,100000,theyucatantimes.com
www.thelumberexpress.com, 1/10 , 1.0/10 ,100000,thelumberexpress.com
www.nrel.gov, 7/10 , 7.0/10 ,55653,nrel.gov
www.artsy.net, 7/10 , 7.7/10 ,8573,artsy.net
www.pz-news.de, 5/10 , 5.8/10 ,100000,pz-news.de
muse.jhu.edu, 8/10 , 8.6/10 ,523,muse.jhu.edu
www.portnews.com.au, 5/10 , 5.4/10 ,100000,portnews.com.au
krishnamoorthi.house.gov, 8/10 , 8.3/10 ,7186,krishnamoorthi.house.gov
www.samanyoluhaber.com, 5/10 , 5.7/10 ,49703,samanyoluhaber.com
www.honolulu.gov, 6/10 , 6.2/10 ,100000,honolulu.gov
www.habervakti.com, 4/10 , 4.4/10 ,63822,habervakti.com
ferguson.house.gov, 8/10 , 8.2/10 ,7186,ferguson.house.gov
www.bahianoticias.com.br, 7/10 , 7.5/10 ,28801,bahianoticias.com.br
justfacts.votesmart.org, 6/10 , 6.3/10 ,86172,justfacts.votesmart.org
www.jbsa.mil, 5/10 , 4.9/10 ,100000,jbsa.mil
www.sungazette.com, 5/10 , 5.9/10 ,100000,sungazette.com
www.mopo.de, 6/10 , 6.9/10 ,15895,mopo.de
turner.house.gov, 8/10 , 8.3/10 ,7186,turner.house.gov
www.out.com, 7/10 , 7.5/10 ,52573,out.com
www.ktb.gov.tr, 5/10 , 5.7/10 ,38679,ktb.gov.tr
www.grieshaber-group.com, 3/10 , 2.7/10 ,100000,grieshaber-group.com
www.who.int, 9/10 , 9.2/10 ,258,who.int
www.cosmeticmedicine-online.com, 1/10 , 1.4/10 ,100000,cosmeticmedicine-online.com
www.juf.org, 5/10 , 5.5/10 ,100000,juf.org
www.kcrw.com, 7/10 , 7.4/10 ,42396,kcrw.com
www.kastamonugazetesi.com.tr, 3/10 , 2.9/10 ,100000,kastamonugazetesi.com.tr
susieleeforcongress.com, 3/10 , 3.7/10 ,100000,susieleeforcongress.com
agris.fao.org, 8/10 , 8.2/10 ,2375,agris.fao.org
portcitydaily.com, 5/10 , 5.7/10 ,100000,portcitydaily.com
abc30.com, 6/10 , 7.0/10 ,69697,abc30.com
www.glotels.com, 3/10 , 3.5/10 ,100000,glotels.com
www.aaa.si.edu, 7/10 , 8.0/10 ,4653,aaa.si.edu
www.xajdfz.com.cn, 2/10 , 1.7/10 ,100000,xajdfz.com.cn
www.lgcnews.com, 3/10 , 3.5/10 ,100000,lgcnews.com
www.pri.org, 7/10 , 7.6/10 ,46513,pri.org
uncensoredopinion.co.za, 3/10 , 3.2/10 ,100000,uncensoredopinion.co.za
www.automotiveworld.com, 6/10 , 6.2/10 ,100000,automotiveworld.com
www.edmarkey.com, 4/10 , 4.0/10 ,100000,edmarkey.com
www.tribuneindia.com, 7/10 , 7.5/10 ,5637,tribuneindia.com
www.gastongazette.com, 6/10 , 6.2/10 ,100000,gastongazette.com
kinzig.news, 2/10 , 2.5/10 ,100000,kinzig.news
beverlypress.com, 5/10 , 5.2/10 ,100000,beverlypress.com
basketball.eurobasket.com, 5/10 , 5.8/10 ,79543,basketball.eurobasket.com
www.svz.de, 6/10 , 6.5/10 ,100000,svz.de
nextvnews.com, 3/10 , 3.5/10 ,100000,nextvnews.com
www.laredo.edu, 4/10 , 4.3/10 ,100000,laredo.edu
www.tomindeed.com, 3/10 , 3.5/10 ,100000,tomindeed.com
www.gurufocus.com, 6/10 , 6.4/10 ,8599,gurufocus.com
www.portdebeaulieu.com, 2/10 , 2.6/10 ,100000,portdebeaulieu.com
www.nexttv.com, 5/10 , 5.0/10 ,100000,nexttv.com
cartilagefreecaptain.sbnation.com, 7/10 , 7.9/10 ,4540,cartilagefreecaptain.sbnation.com
www.wagner-tuba.com, 3/10 , 3.1/10 ,100000,wagner-tuba.com
www.transconbuilders.com, 2/10 , 2.4/10 ,100000,transconbuilders.com
www.thegrowthop.com, 4/10 , 4.8/10 ,77440,thegrowthop.com
thewire.in, 7/10 , 7.3/10 ,7918,thewire.in
uhcougars.com, 5/10 , 5.7/10 ,100000,uhcougars.com
www.dnainfo.com, 7/10 , 7.4/10 ,100000,dnainfo.com
www.manavgatsonhaber.com, 2/10 , 1.6/10 ,100000,manavgatsonhaber.com
www.mysweetimmo.com, 4/10 , 4.1/10 ,100000,mysweetimmo.com
canpl.ca, 5/10 , 5.1/10 ,100000,canpl.ca
neweconomy.net, 5/10 , 5.0/10 ,100000,neweconomy.net
www.eskisehirhaber26.com, 3/10 , 3.3/10 ,100000,eskisehirhaber26.com
www.pitchero.com, 7/10 , 7.1/10 ,100000,pitchero.com
www.europa-union.de, 4/10 , 4.0/10 ,100000,europa-union.de
today.wayne.edu, 6/10 , 6.4/10 ,15312,today.wayne.edu
www.tigernet.com, 5/10 , 5.8/10 ,100000,tigernet.com
www.scholars.northwestern.edu, 7/10 , 7.5/10 ,4565,scholars.northwestern.edu
www.emmanuel.edu, 5/10 , 5.4/10 ,100000,emmanuel.edu
earnscliffe.ca, 3/10 , 3.2/10 ,100000,earnscliffe.ca
www.ostsee-zeitung.de, 6/10 , 6.5/10 ,100000,ostsee-zeitung.de
www.sporbilim.com, 2/10 , 2.6/10 ,100000,sporbilim.com
haitiantimes.com, 5/10 , 5.2/10 ,100000,haitiantimes.com
fisc-web-prod.corebine.com, 3/10 , 3.0/10 ,100000,fisc-web-prod.corebine.com
europe.columbia.edu, 7/10 , 7.9/10 ,2754,europe.columbia.edu
www.hedyfry.com, 3/10 , 3.3/10 ,100000,hedyfry.com
westleedsdispatch.com, 4/10 , 4.0/10 ,100000,westleedsdispatch.com
www.jove.com, 6/10 , 6.5/10 ,44521,jove.com
www.parlamentohaber.com, 3/10 , 3/10 ,100000,parlamentohaber.com
www.riviera24.it, 5/10 , 5.7/10 ,100000,riviera24.it
www.gazzettadellaspezia.it, 4/10 , 4.6/10 ,100000,gazzettadellaspezia.it
www.jean-rousseau.com, 4/10 , 3.9/10 ,100000,jean-rousseau.com
www.justice.gc.ca, 6/10 , 6.9/10 ,30888,justice.gc.ca
www.cameronmackenzie.co.uk, 2/10 , 1.8/10 ,100000,cameronmackenzie.co.uk
news.engineering.iastate.edu, 7/10 , 7.1/10 ,8169,news.engineering.iastate.edu
www.wiesbaden.de, 5/10 , 5.9/10 ,100000,wiesbaden.de
www.dsb.de, 5/10 , 4.9/10 ,100000,dsb.de
www.millerthomson.com, 5/10 , 5.2/10 ,100000,millerthomson.com
www.carlwittrock.nl, 2/10 , 1.7/10 ,100000,carlwittrock.nl
www.musicshopeurope.com, 4/10 , 3.8/10 ,100000,musicshopeurope.com
dvandal.liberal.ca, 5/10 , 5.8/10 ,100000,dvandal.liberal.ca
www.cbnews.fr, 6/10 , 6.0/10 ,100000,cbnews.fr
www.sudouest.fr, 7/10 , 7.8/10 ,11231,sudouest.fr
www.theguardian.pe.ca, 6/10 , 6.4/10 ,75209,theguardian.pe.ca
www.pharmiweb.com, 5/10 , 5.5/10 ,100000,pharmiweb.com
www.ramapo.edu, 5/10 , 5.6/10 ,100000,ramapo.edu
www.macalester.edu, 6/10 , 6.5/10 ,100000,macalester.edu
www.international.msstate.edu, 6/10 , 6.5/10 ,49881,international.msstate.edu
www.fairmontstate.edu, 5/10 , 5.2/10 ,100000,fairmontstate.edu
news.gsu.edu, 7/10 , 7.3/10 ,6118,news.gsu.edu
protecttheharvest.com, 5/10 , 4.9/10 ,100000,protecttheharvest.com
www.indiatvnews.com, 7/10 , 7.5/10 ,4197,indiatvnews.com
theglobe.co.com, 4/10 , 3.8/10 ,100000,theglobe.co.com
www.iamc.com, 3/10 , 3.3/10 ,100000,iamc.com
www.enerjiportali.com, 3/10 , 3.5/10 ,100000,enerjiportali.com
www.physiciansweekly.com, 5/10 , 5.7/10 ,100000,physiciansweekly.com
www.ectrims-congress.eu, 4/10 , 4.4/10 ,100000,ectrims-congress.eu
www.limonkitabevi.com, 2/10 , 2.1/10 ,100000,limonkitabevi.com
www.beypazarigundem.com, 2/10 , 1.9/10 ,100000,beypazarigundem.com
antonmillerviolin.instantencore.com, 4/10 , 4.5/10 ,94667,antonmillerviolin.instantencore.com
users.atw.hu, 6/10 , 6.3/10 ,89174,users.atw.hu
spfusa.org, 4/10 , 4.5/10 ,100000,spfusa.org
www.fesdc.org, 4/10 , 4.0/10 ,100000,fesdc.org
www.turkishculture.org, 5/10 , 5.2/10 ,100000,turkishculture.org
bari.ilquotidianoitaliano.com, 5/10 , 5.5/10 ,100000,bari.ilquotidianoitaliano.com
www.rundschau-online.de, 6/10 , 6.6/10 ,100000,rundschau-online.de
www.mpp.de, 3/10 , 3.0/10 ,100000,mpp.de
www.chceda.ca, 1/10 , 1.3/10 ,100000,chceda.ca
www.thenewsstar.com, 6/10 , 6.3/10 ,100000,thenewsstar.com
www.malibusurfsidenews.com, 4/10 , 4.5/10 ,100000,malibusurfsidenews.com
www.hs-owl.de, 5/10 , 5.0/10 ,100000,hs-owl.de
www.megahaber27.com, 3/10 , 2.8/10 ,100000,megahaber27.com
www.museen-koenigslutter.de, 2/10 , 2.3/10 ,100000,museen-koenigslutter.de
www.news38.de, 4/10 , 4.7/10 ,100000,news38.de
press.gecina.fr, 4/10 , 4.4/10 ,100000,press.gecina.fr
int.media.amundi.com, 5/10 , 5.2/10 ,100000,int.media.amundi.com
dover.criminallaw.com, 3/10 , 3.0/10 ,100000,dover.criminallaw.com
www.bridgepoint.eu, 4/10 , 4.6/10 ,100000,bridgepoint.eu
mondialtech.sched.com, 5/10 , 5.9/10 ,54590,mondialtech.sched.com
correctiv.org, 6/10 , 6.7/10 ,69556,correctiv.org
www.interior-news.com, 4/10 , 4.1/10 ,100000,interior-news.com
www.eco.int, 3/10 , 3.1/10 ,100000,eco.int
jacket2.org, 5/10 , 5.3/10 ,100000,jacket2.org
www.crowell.com, 5/10 , 5.6/10 ,100000,crowell.com
corrieredellumbria.corr.it, 6/10 , 6.2/10 ,53535,corrieredellumbria.corr.it
www.newsleader.com, 6/10 , 6.0/10 ,100000,newsleader.com
shelbycountypost.com, 3/10 , 2.9/10 ,100000,shelbycountypost.com
www.cwhf.org, 4/10 , 4.4/10 ,100000,cwhf.org
www1.cbn.com, 7/10 , 7.7/10 ,21073,www1.cbn.com
ie.soccerway.com, 6/10 , 6.8/10 ,8244,ie.soccerway.com
www.gedlingeye.co.uk, 3/10 , 3.3/10 ,100000,gedlingeye.co.uk
www.rewildingfoundation.org, 2/10 , 2.5/10 ,100000,rewildingfoundation.org
www.newturkey.today, 1/10 , 1.3/10 ,100000,newturkey.today
www.bfi.org.uk, 7/10 , 7.5/10 ,24491,bfi.org.uk
www.politifact.com, 7/10 , 7.6/10 ,13063,politifact.com
www.tekirdag.bel.tr, 3/10 , 3.7/10 ,100000,tekirdag.bel.tr
shgm.gsb.gov.tr, 4/10 , 4.8/10 ,73882,shgm.gsb.gov.tr
www.westernsydney.edu.au, 5/10 , 5.8/10 ,11799,westernsydney.edu.au
gothamist.com, 7/10 , 7.9/10 ,17642,gothamist.com
www.wjcl.com, 6/10 , 6.1/10 ,100000,wjcl.com
fox2now.com, 7/10 , 7.5/10 ,45493,fox2now.com
gazete.red, 3/10 , 3.0/10 ,100000,gazete.red
statescoop.com, 5/10 , 5.7/10 ,100000,statescoop.com
www.diputados.gov.ar, 5/10 , 5.1/10 ,100000,diputados.gov.ar
www.odelmoleao.com.br, 2/10 , 1.7/10 ,100000,odelmoleao.com.br
www.eastlothiancourier.com, 5/10 , 4.9/10 ,100000,eastlothiancourier.com
www.nnchaber.com, 2/10 , 2.6/10 ,100000,nnchaber.com
www.gunisigigazetesi.net, 4/10 , 3.8/10 ,100000,gunisigigazetesi.net
arts-ed.csu.edu.au, 6/10 , 6.2/10 ,20458,arts-ed.csu.edu.au
www.obv.org.uk, 5/10 , 4.9/10 ,100000,obv.org.uk
espaillat.house.gov, 8/10 , 8.3/10 ,7186,espaillat.house.gov
koleksiyoncusu1.rssing.com, 5/10 , 5.5/10 ,7062,koleksiyoncusu1.rssing.com
www.douradosnews.com.br, 4/10 , 4.8/10 ,100000,douradosnews.com.br
www.fleetnews.co.uk, 5/10 , 5.7/10 ,100000,fleetnews.co.uk
ucfknights.com, 5/10 , 5.6/10 ,100000,ucfknights.com
www.alligator.org, 6/10 , 6.4/10 ,100000,alligator.org
qcitymetro.com, 5/10 , 5/10 ,100000,qcitymetro.com
www.iznewsagency.com, 2/10 , 2.5/10 ,100000,iznewsagency.com
www.dailyecho.co.uk, 6/10 , 6.7/10 ,100000,dailyecho.co.uk
www.oncurtv.com, 4/10 , 3.8/10 ,100000,oncurtv.com
blog.ironwoodins.com, 2/10 , 2.3/10 ,100000,blog.ironwoodins.com
www.jusnews.net, 3/10 , 2.8/10 ,100000,jusnews.net
senalnews.com, 2/10 , 2.4/10 ,100000,senalnews.com
www.ie.boun.edu.tr, 5/10 , 5.6/10 ,12965,ie.boun.edu.tr
www.cpmlegal.com, 4/10 , 4.6/10 ,100000,cpmlegal.com
www.dalailama.com, 6/10 , 6.6/10 ,100000,dalailama.com
batman.tarimorman.gov.tr, 4/10 , 4.8/10 ,24920,batman.tarimorman.gov.tr
www.drabdullahdemirtas.com, 1/10 , 1.0/10 ,100000,drabdullahdemirtas.com
www.sostenescavalcante.com.br, 2/10 , 2.4/10 ,100000,sostenescavalcante.com.br
www.the74million.org, 5/10 , 5.9/10 ,100000,the74million.org
brocku.ca, 7/10 , 7.0/10 ,34419,brocku.ca
www.hollylynch.org.uk, 2/10 , 2.5/10 ,100000,hollylynch.org.uk
thearabdailynews.com, 5/10 , 5.0/10 ,100000,thearabdailynews.com
www.birmingham.ac.uk, 7/10 , 7.1/10 ,34350,birmingham.ac.uk
www.feministcurrent.com, 6/10 , 6.0/10 ,100000,feministcurrent.com
www.idealwine.info, 3/10 , 2.7/10 ,100000,idealwine.info
www.vignoblesperse.com, 4/10 , 3.8/10 ,100000,vignoblesperse.com
www.wardsauto.com, 6/10 , 6.6/10 ,100000,wardsauto.com
www.fisherfc.org, 2/10 , 2.6/10 ,100000,fisherfc.org
www.chem.purdue.edu, 7/10 , 7.6/10 ,2094,chem.purdue.edu
montrealcommunitycontact.com, 3/10 , 3.1/10 ,100000,montrealcommunitycontact.com
www.artprice.com, 6/10 , 6.3/10 ,39111,artprice.com
www.radiohochstift.de, 4/10 , 3.8/10 ,100000,radiohochstift.de
www.graphicart-news.com, 4/10 , 4.5/10 ,100000,graphicart-news.com
www.pmindia.gov.in, 6/10 , 6.2/10 ,19773,pmindia.gov.in
www.theringer.com, 7/10 , 7.5/10 ,8274,theringer.com
www.english-and-linguistics.uni-mainz.de, 5/10 , 5.8/10 ,11565,english-and-linguistics.uni-mainz.de
www.world-projects.net, 3/10 , 3.1/10 ,100000,world-projects.net
evtol.com, 3/10 , 3.1/10 ,100000,evtol.com
www.headlinegrabber.com, 3/10 , 2.9/10 ,100000,headlinegrabber.com
www.worldseafishing.com, 4/10 , 4.5/10 ,100000,worldseafishing.com
kelo.com, 5/10 , 5.4/10 ,100000,kelo.com
www.avem.fr, 5/10 , 5.3/10 ,100000,avem.fr
energystorageforum.com, 4/10 , 4.1/10 ,100000,energystorageforum.com
www.dgap.de, 5/10 , 5.5/10 ,100000,dgap.de
www.skyhinews.com, 4/10 , 4.8/10 ,100000,skyhinews.com
www.caritasnet.de, 3/10 , 3.1/10 ,100000,caritasnet.de
www.gettyimages.es, 6/10 , 6.1/10 ,24108,gettyimages.es
norbertines.org, 3/10 , 3.5/10 ,100000,norbertines.org
chroniclingamerica.loc.gov, 8/10 , 8.9/10 ,3751,chroniclingamerica.loc.gov
www.gfmer.ch, 5/10 , 5.5/10 ,100000,gfmer.ch
nenow.in, 4/10 , 4.8/10 ,3360,nenow.in
axis-militaria.com, 3/10 , 2.7/10 ,100000,axis-militaria.com
www.ashra.com, 4/10 , 4.2/10 ,100000,ashra.com
www.robertosimonetti.it, 0/10 , 0.4/10 ,100000,robertosimonetti.it
smu.ca, 5/10 , 5.8/10 ,100000,smu.ca
denizli.ktb.gov.tr, 5/10 , 5.2/10 ,38679,denizli.ktb.gov.tr
bigislandnow.com, 6/10 , 6.1/10 ,100000,bigislandnow.com
biz.centurylink.net, 5/10 , 5.1/10 ,12074,biz.centurylink.net
www.franceinter.fr, 7/10 , 7.9/10 ,11037,franceinter.fr
www.garda.com, 5/10 , 5.6/10 ,55662,garda.com
www.legalsupportnetwork.co.uk, 4/10 , 4.3/10 ,100000,legalsupportnetwork.co.uk
www.baritoday.it, 5/10 , 5.4/10 ,100000,baritoday.it
www.wct-fct.com, 4/10 , 3.8/10 ,100000,wct-fct.com
www.compas.ox.ac.uk, 7/10 , 7.6/10 ,5017,compas.ox.ac.uk
www.emanuelescagliusi.it, 1/10 , 1.4/10 ,100000,emanuelescagliusi.it
jatisidhu.ca, 1/10 , 1.5/10 ,100000,jatisidhu.ca
forward.com, 7/10 , 7.6/10 ,42970,forward.com
www.jwo.com, 3/10 , 3.1/10 ,100000,jwo.com
www.verona-in.it, 4/10 , 3.8/10 ,100000,verona-in.it
thetoftgroup.com, 3/10 , 2.8/10 ,100000,thetoftgroup.com
www.achrnews.com, 5/10 , 5.8/10 ,100000,achrnews.com
www.dn.pt, 7/10 , 7.4/10 ,16039,dn.pt
www.benno-zierer.de, 1/10 , 1.4/10 ,100000,benno-zierer.de
web.hamm.de, 4/10 , 4.2/10 ,100000,web.hamm.de
berniegunther.com, 4/10 , 4.0/10 ,100000,berniegunther.com
www.netnewsledger.com, 5/10 , 5.4/10 ,100000,netnewsledger.com
www.rtuk.gov.tr, 4/10 , 4.2/10 ,100000,rtuk.gov.tr
www.tbf.org.tr, 5/10 , 5.2/10 ,100000,tbf.org.tr
einaudi.cornell.edu, 8/10 , 8.2/10 ,2388,einaudi.cornell.edu
www.egepostasi.com, 3/10 , 3.6/10 ,100000,egepostasi.com
www.advertisernewssouth.com, 4/10 , 4.1/10 ,100000,advertisernewssouth.com
marcfabersblog.blogspot.com, 3/10 , 3.5/10 ,100000,marcfabersblog.blogspot.com
kraichgau.news, 3/10 , 3.7/10 ,100000,kraichgau.news
channeldailynews.com, 5/10 , 4.9/10 ,100000,channeldailynews.com
www.lifepr.de, 5/10 , 5.7/10 ,100000,lifepr.de
www.wfxg.com, 2/10 , 2.4/10 ,100000,wfxg.com
www.fh-muenster.de, 5/10 , 5.3/10 ,100000,fh-muenster.de
www.viki.com, 7/10 , 7.8/10 ,1835,viki.com
www.oppd.com, /10 , /10 ,100000,oppd.com
www.wmhclarkfuneralhome.com, 2/10 , 2.4/10 ,100000,wmhclarkfuneralhome.com
www.ozgurdersim.com, 3/10 , 3.0/10 ,100000,ozgurdersim.com
www.sanclementetimes.com, 5/10 , 5.0/10 ,100000,sanclementetimes.com
www.dma.jim.osaka-u.ac.jp, 6/10 , 6.2/10 ,15175,dma.jim.osaka-u.ac.jp
news.ncf.edu, 5/10 , 5.0/10 ,100000,news.ncf.edu
www.swtimes.com.au, 3/10 , 3.3/10 ,100000,swtimes.com.au
www.renzobraz.com.br, 2/10 , 1.8/10 ,100000,renzobraz.com.br
marchant.house.gov, 8/10 , 8.3/10 ,7186,marchant.house.gov
www.exoticindiaart.com, 5/10 , 5.6/10 ,49125,exoticindiaart.com
www.arsenal.com, 7/10 , 8.0/10 ,39734,arsenal.com
chapelboro.com, 5/10 , 5.8/10 ,100000,chapelboro.com
searchengineland.com, 8/10 , 8.6/10 ,25397,searchengineland.com
ftp.npcnewsonline.com, 4/10 , 4.3/10 ,100000,ftp.npcnewsonline.com
krannert.purdue.edu, /10 , /10 ,2094,krannert.purdue.edu
www.mysuburbanlife.com, 5/10 , 5.8/10 ,100000,mysuburbanlife.com
www.trauerhilfe.at, 4/10 , 3.9/10 ,59380,trauerhilfe.at
www.vivavoz.com.mx, 3/10 , 3.0/10 ,100000,vivavoz.com.mx
www.lorrainecladish.com, 3/10 , 3.1/10 ,100000,lorrainecladish.com
thepaypers.com, 5/10 , 5.6/10 ,97943,thepaypers.com
www.bbva.com, 6/10 , 7.0/10 ,13917,bbva.com
www.bundesarchiv.de, 6/10 , 6.2/10 ,100000,bundesarchiv.de
hurricanesports.com, 5/10 , 5.9/10 ,100000,hurricanesports.com
www.strategic-culture.org, 6/10 , 6.3/10 ,100000,strategic-culture.org
ronmckinnon.liberal.ca, 5/10 , 5.7/10 ,100000,ronmckinnon.liberal.ca
www.hitta.se, 6/10 , 6.2/10 ,14678,hitta.se
google-wiki.info, 2/10 , 2.0/10 ,100000,google-wiki.info
www.ivfbabble.com, 3/10 , 3.7/10 ,100000,ivfbabble.com
www.designboom.com, 7/10 , 8.0/10 ,6767,designboom.com
chathamvoice.com, 4/10 , 4.1/10 ,100000,chathamvoice.com
www.ontheissues.org, 6/10 , 6.6/10 ,100000,ontheissues.org
www.patek.com, 6/10 , 6.4/10 ,65281,patek.com
www.governor.state.nm.us, 6/10 , 6.8/10 ,20721,governor.state.nm.us
www.gratefulweb.com, 5/10 , 4.9/10 ,100000,gratefulweb.com
khanna.house.gov, 8/10 , 8.3/10 ,7186,khanna.house.gov
www.benefitnews.com, 5/10 , 5.8/10 ,100000,benefitnews.com
www.thinglink.com, 7/10 , 7.5/10 ,14366,thinglink.com
yanktonsd.com, 2/10 , 2.4/10 ,100000,yanktonsd.com
www.norbert-altenkamp.de, 2/10 , 1.8/10 ,100000,norbert-altenkamp.de
www.outremernews.fr, 2/10 , 2.1/10 ,100000,outremernews.fr
www.theglobaldispatch.com, 5/10 , 5.9/10 ,74021,theglobaldispatch.com
www.raymondjames.com, 6/10 , 6.4/10 ,72088,raymondjames.com
www.therepublic.com, 6/10 , 6.6/10 ,100000,therepublic.com
www.superyachtnews.com, 5/10 , 5.0/10 ,100000,superyachtnews.com
www.moosejawtoday.com, 3/10 , 3.3/10 ,100000,moosejawtoday.com
vineyardgazette.com, 5/10 , 5.8/10 ,100000,vineyardgazette.com
www.tgmp.net, 3/10 , 2.9/10 ,100000,tgmp.net
yektahomes.com, 2/10 , 2.4/10 ,100000,yektahomes.com
www.tokattan.com, 3/10 , 2.7/10 ,100000,tokattan.com
www.redstate.com, 7/10 , 7.4/10 ,10964,redstate.com
www.wdbj7.com, 2/10 , 2.4/10 ,70146,wdbj7.com
www.osti.gov, 6/10 , 6.5/10 ,47459,osti.gov
www.allergan.ca, 3/10 , 3.6/10 ,100000,allergan.ca
filomenatassi.liberal.ca, 6/10 , 6.0/10 ,100000,filomenatassi.liberal.ca
pierreboutier.photoshelter.com, 6/10 , 6.7/10 ,12787,pierreboutier.photoshelter.com
www.korayaydin.com, 1/10 , 1.6/10 ,100000,korayaydin.com
www.wavy.com, 7/10 , 7.2/10 ,62169,wavy.com
www.njpw1972.com, 5/10 , 5.0/10 ,100000,njpw1972.com
www.karabuknethaber.com, 3/10 , 3.3/10 ,100000,karabuknethaber.com
nebhe.org, 5/10 , 5.0/10 ,100000,nebhe.org
internewscast.com, 4/10 , 4.0/10 ,91773,internewscast.com
www.palabrasdelderecho.com.ar, 2/10 , 2.3/10 ,100000,palabrasdelderecho.com.ar
www.joinpaulcook.com, 3/10 , 3.0/10 ,100000,joinpaulcook.com
nasionalpos.com, 2/10 , 2.0/10 ,100000,nasionalpos.com
www.nexojornal.com.br, 6/10 , 6.6/10 ,23257,nexojornal.com.br
www.pacificislandtimes.com, 3/10 , 3.1/10 ,100000,pacificislandtimes.com
www.hhh.umn.edu, 7/10 , 7.9/10 ,2080,hhh.umn.edu
saccityexpress.com, /10 , /10 ,100000,saccityexpress.com
www.dedahaber.com, 2/10 , 1.8/10 ,100000,dedahaber.com
www.retail-week.com, 6/10 , 6.0/10 ,100000,retail-week.com
www.airforcemag.com, 5/10 , 5.9/10 ,100000,airforcemag.com
www.thelist.com, 6/10 , 6.9/10 ,17511,thelist.com
unpo.org, 5/10 , 5.9/10 ,100000,unpo.org
www.hotnews.ro, 6/10 , 6.9/10 ,8795,hotnews.ro
www.inbox.news, 2/10 , 2.2/10 ,100000,inbox.news
www.gazetem.ru, 3/10 , 3.7/10 ,100000,gazetem.ru
abetz.com.au, 4/10 , 4.0/10 ,100000,abetz.com.au
www.nrn.com, /10 , /10 ,80294,nrn.com
theforum.sph.harvard.edu, 8/10 , 8.4/10 ,601,theforum.sph.harvard.edu
www.waterwaysjournal.net, 3/10 , 3.7/10 ,100000,waterwaysjournal.net
aflsportsready.com.au, 3/10 , 3.6/10 ,100000,aflsportsready.com.au
www.kebumenupdate.com, 1/10 , 1.1/10 ,100000,kebumenupdate.com
lokal26.de, 4/10 , 4.1/10 ,100000,lokal26.de
www.childrenshospital.org, 7/10 , 7.3/10 ,74388,childrenshospital.org
www.denizliekspres.com.tr, 2/10 , 2.0/10 ,100000,denizliekspres.com.tr
calgucu.net, 2/10 , 1.7/10 ,100000,calgucu.net
www.ius.edu.ba, 4/10 , 4.7/10 ,100000,ius.edu.ba
www.cosmopolitan.com, 8/10 , 8.4/10 ,2477,cosmopolitan.com
www.thegreatcourses.com, 6/10 , 6.3/10 ,47256,thegreatcourses.com
www.mycarforum.com, 5/10 , 4.9/10 ,91024,mycarforum.com
www.art.com, 7/10 , 7.6/10 ,23209,art.com
primusville.com, 5/10 , 5.5/10 ,100000,primusville.com
www.spencerfernando.com, 4/10 , 4.5/10 ,100000,spencerfernando.com
hero.fandom.com, 7/10 , 7.6/10 ,89,hero.fandom.com
www.mrweb.com, 5/10 , 5.0/10 ,100000,mrweb.com
fontsinuse.com, 6/10 , 6.4/10 ,36780,fontsinuse.com
www.surefire.com, 5/10 , 5.6/10 ,100000,surefire.com
www.helmutlang.com, 5/10 , 5.9/10 ,100000,helmutlang.com
www.indonesiatatler.com, 4/10 , 4.3/10 ,100000,indonesiatatler.com
www.jeanbernardsempastous.fr, 2/10 , 1.8/10 ,100000,jeanbernardsempastous.fr
www.newcoldwar.org, 5/10 , 4.9/10 ,100000,newcoldwar.org
onlinestreet.de, 4/10 , 4.7/10 ,100000,onlinestreet.de
joysmithfoundation.com, 3/10 , 3.2/10 ,100000,joysmithfoundation.com
www.lakecountrycalendar.com, 4/10 , 3.9/10 ,100000,lakecountrycalendar.com
sehir.edu.tr, 4/10 , 4.5/10 ,100000,sehir.edu.tr
www.uni-bremen.de, 6/10 , 6.8/10 ,63028,uni-bremen.de
www.medstarhealth.org, 6/10 , 5.9/10 ,100000,medstarhealth.org
tele1.com.tr, 4/10 , 4.3/10 ,2050,tele1.com.tr
ph.news.yahoo.com, 8/10 , 8.5/10 ,12,ph.news.yahoo.com
